Date_ID,Order Date,Year,Month,Day,Month_Name
0,2016-11-08,2016,11,8,November
1,2016-06-12,2016,6,12,June
2,2015-10-11,2015,10,11,October
3,2014-06-09,2014,6,9,June
4,2017-04-15,2017,4,15,April
5,2016-12-05,2016,12,5,December
6,2015-11-22,2015,11,22,November
7,2014-11-11,2014,11,11,November
8,2014-05-13,2014,5,13,May
9,2014-08-27,2014,8,27,August
10,2016-12-09,2016,12,9,December
11,2017-07-16,2017,7,16,July
12,2015-09-25,2015,9,25,September
13,2016-01-16,2016,1,16,January
14,2015-09-17,2015,9,17,September
15,2017-10-19,2017,10,19,October
16,2016-12-08,2016,12,8,December
17,2015-12-27,2015,12,27,December
18,2017-09-10,2017,9,10,September
19,2016-07-17,2016,7,17,July
20,2017-09-19,2017,9,19,September
21,2016-03-11,2016,3,11,March
22,2014-10-20,2014,10,20,October
23,2016-06-20,2016,6,20,June
24,2015-04-18,2015,4,18,April
25,2016-12-11,2016,12,11,December
26,2016-06-17,2016,6,17,June
27,2015-11-24,2015,11,24,November
28,2015-04-30,2015,4,30,April
29,2014-12-05,2014,12,5,December
30,2016-06-04,2016,6,4,June
31,2016-09-18,2016,9,18,September
32,2017-09-14,2017,9,14,September
33,2015-04-26,2015,4,26,April
34,2017-12-09,2017,12,9,December
35,2014-11-26,2014,11,26,November
36,2014-10-12,2014,10,12,October
37,2015-09-03,2015,9,3,September
38,2017-11-13,2017,11,13,November
39,2017-05-28,2017,5,28,May
40,2017-10-26,2017,10,26,October
41,2016-04-05,2016,4,5,April
42,2016-09-17,2016,9,17,September
43,2015-01-31,2015,1,31,January
44,2017-11-06,2017,11,6,November
45,2017-11-09,2017,11,9,November
46,2017-06-17,2017,6,17,June
47,2016-09-06,2016,9,6,September
48,2016-08-29,2016,8,29,August
49,2016-12-01,2016,12,1,December
50,2015-11-13,2015,11,13,November
51,2017-11-23,2017,11,23,November
52,2015-10-15,2015,10,15,October
53,2017-12-25,2017,12,25,December
54,2016-11-03,2016,11,3,November
55,2014-08-25,2014,8,25,August
56,2015-03-02,2015,3,2,March
57,2015-04-05,2015,4,5,April
58,2014-12-26,2014,12,26,December
59,2014-09-20,2014,9,20,September
60,2017-11-05,2017,11,5,November
61,2016-11-06,2016,11,6,November
62,2017-02-02,2017,2,2,February
63,2016-10-13,2016,10,13,October
64,2016-09-05,2016,9,5,September
65,2017-09-18,2017,9,18,September
66,2017-12-22,2017,12,22,December
67,2015-09-07,2015,9,7,September
68,2014-10-22,2014,10,22,October
69,2016-03-13,2016,3,13,March
70,2015-05-31,2015,5,31,May
71,2015-05-28,2015,5,28,May
72,2014-03-01,2014,3,1,March
73,2016-11-20,2016,11,20,November
74,2016-05-11,2016,5,11,May
75,2015-12-28,2015,12,28,December
76,2016-11-16,2016,11,16,November
77,2016-11-07,2016,11,7,November
78,2014-09-08,2014,9,8,September
79,2014-08-05,2014,8,5,August
80,2014-09-14,2014,9,14,September
81,2017-04-21,2017,4,21,April
82,2015-11-21,2015,11,21,November
83,2015-12-15,2015,12,15,December
84,2014-11-19,2014,11,19,November
85,2016-11-28,2016,11,28,November
86,2014-08-26,2014,8,26,August
87,2016-07-16,2016,7,16,July
88,2015-10-12,2015,10,12,October
89,2015-10-31,2015,10,31,October
90,2014-03-21,2014,3,21,March
91,2017-07-06,2017,7,6,July
92,2017-06-24,2017,6,24,June
93,2014-08-03,2014,8,3,August
94,2017-12-17,2017,12,17,December
95,2017-06-03,2017,6,3,June
96,2017-12-01,2017,12,1,December
97,2015-02-09,2015,2,9,February
98,2015-01-02,2015,1,2,January
99,2016-10-28,2016,10,28,October
100,2015-12-24,2015,12,24,December
101,2015-08-09,2015,8,9,August
102,2015-02-28,2015,2,28,February
103,2014-09-13,2014,9,13,September
104,2017-04-07,2017,4,7,April
105,2017-11-12,2017,11,12,November
106,2014-06-01,2014,6,1,June
107,2016-12-10,2016,12,10,December
108,2016-09-11,2016,9,11,September
109,2015-11-28,2015,11,28,November
110,2017-06-08,2017,6,8,June
111,2014-09-19,2014,9,19,September
112,2016-06-06,2016,6,6,June
113,2015-11-10,2015,11,10,November
114,2017-06-16,2017,6,16,June
115,2016-01-22,2016,1,22,January
116,2017-12-28,2017,12,28,December
117,2015-07-30,2015,7,30,July
118,2017-09-16,2017,9,16,September
119,2017-10-13,2017,10,13,October
120,2015-09-26,2015,9,26,September
121,2015-11-02,2015,11,2,November
122,2016-12-18,2016,12,18,December
123,2017-11-19,2017,11,19,November
124,2015-05-04,2015,5,4,May
125,2014-12-30,2014,12,30,December
126,2016-09-12,2016,9,12,September
127,2014-09-27,2014,9,27,September
128,2014-08-09,2014,8,9,August
129,2014-12-28,2014,12,28,December
130,2014-11-04,2014,11,4,November
131,2016-04-23,2016,4,23,April
132,2017-11-03,2017,11,3,November
133,2016-08-30,2016,8,30,August
134,2016-04-25,2016,4,25,April
135,2015-09-01,2015,9,1,September
136,2014-07-12,2014,7,12,July
137,2015-06-22,2015,6,22,June
138,2014-04-13,2014,4,13,April
139,2015-12-20,2015,12,20,December
140,2017-06-15,2017,6,15,June
141,2017-07-08,2017,7,8,July
142,2016-09-01,2016,9,1,September
143,2016-04-08,2016,4,8,April
144,2017-03-08,2017,3,8,March
145,2017-09-25,2017,9,25,September
146,2014-09-24,2014,9,24,September
147,2016-10-21,2016,10,21,October
148,2017-05-29,2017,5,29,May
149,2014-07-23,2014,7,23,July
150,2016-09-28,2016,9,28,September
151,2017-08-27,2017,8,27,August
152,2015-04-28,2015,4,28,April
153,2015-06-26,2015,6,26,June
154,2015-11-27,2015,11,27,November
155,2015-12-03,2015,12,3,December
156,2014-11-24,2014,11,24,November
157,2017-12-11,2017,12,11,December
158,2014-09-21,2014,9,21,September
159,2014-06-07,2014,6,7,June
160,2017-06-30,2017,6,30,June
161,2017-10-17,2017,10,17,October
162,2016-09-08,2016,9,8,September
163,2014-12-24,2014,12,24,December
164,2014-04-16,2014,4,16,April
165,2017-12-24,2017,12,24,December
166,2017-12-08,2017,12,8,December
167,2016-04-14,2016,4,14,April
168,2017-03-04,2017,3,4,March
169,2014-06-22,2014,6,22,June
170,2017-08-21,2017,8,21,August
171,2014-09-12,2014,9,12,September
172,2017-10-01,2017,10,1,October
173,2016-04-15,2016,4,15,April
174,2014-12-19,2014,12,19,December
175,2017-09-15,2017,9,15,September
176,2017-01-20,2017,1,20,January
177,2017-03-20,2017,3,20,March
178,2016-04-01,2016,4,1,April
179,2017-10-20,2017,10,20,October
180,2016-12-13,2016,12,13,December
181,2014-02-12,2014,2,12,February
182,2016-09-26,2016,9,26,September
183,2016-04-22,2016,4,22,April
184,2015-01-17,2015,1,17,January
185,2017-03-31,2017,3,31,March
186,2016-12-16,2016,12,16,December
187,2014-11-09,2014,11,9,November
188,2016-07-12,2016,7,12,July
189,2016-10-27,2016,10,27,October
190,2016-06-26,2016,6,26,June
191,2014-10-06,2014,10,6,October
192,2014-07-22,2014,7,22,July
193,2017-06-10,2017,6,10,June
194,2014-10-29,2014,10,29,October
195,2016-05-09,2016,5,9,May
196,2016-03-18,2016,3,18,March
197,2016-07-25,2016,7,25,July
198,2016-05-30,2016,5,30,May
199,2015-03-16,2015,3,16,March
200,2017-11-26,2017,11,26,November
201,2016-10-20,2016,10,20,October
202,2017-12-21,2017,12,21,December
203,2017-01-22,2017,1,22,January
204,2015-03-22,2015,3,22,March
205,2017-01-23,2017,1,23,January
206,2016-05-21,2016,5,21,May
207,2015-12-26,2015,12,26,December
208,2017-10-21,2017,10,21,October
209,2015-11-07,2015,11,7,November
210,2017-09-07,2017,9,7,September
211,2016-05-29,2016,5,29,May
212,2016-07-10,2016,7,10,July
213,2017-09-03,2017,9,3,September
214,2015-12-07,2015,12,7,December
215,2014-02-01,2014,2,1,February
216,2016-07-14,2016,7,14,July
217,2015-12-18,2015,12,18,December
218,2014-05-11,2014,5,11,May
219,2015-11-15,2015,11,15,November
220,2017-09-11,2017,9,11,September
221,2017-11-24,2017,11,24,November
222,2017-06-29,2017,6,29,June
223,2014-03-03,2014,3,3,March
224,2016-06-10,2016,6,10,June
225,2017-11-20,2017,11,20,November
226,2017-12-07,2017,12,7,December
227,2015-09-18,2015,9,18,September
228,2017-07-20,2017,7,20,July
229,2015-09-10,2015,9,10,September
230,2015-07-03,2015,7,3,July
231,2016-03-20,2016,3,20,March
232,2014-01-09,2014,1,9,January
233,2014-08-08,2014,8,8,August
234,2014-03-15,2014,3,15,March
235,2014-05-23,2014,5,23,May
236,2016-04-28,2016,4,28,April
237,2017-11-14,2017,11,14,November
238,2017-08-18,2017,8,18,August
239,2015-11-29,2015,11,29,November
240,2017-05-19,2017,5,19,May
241,2017-09-24,2017,9,24,September
242,2015-10-04,2015,10,4,October
243,2016-08-15,2016,8,15,August
244,2016-05-20,2016,5,20,May
245,2017-07-30,2017,7,30,July
246,2017-07-21,2017,7,21,July
247,2017-12-30,2017,12,30,December
248,2016-10-23,2016,10,23,October
249,2017-06-19,2017,6,19,June
250,2016-08-22,2016,8,22,August
251,2016-09-19,2016,9,19,September
252,2015-08-24,2015,8,24,August
253,2016-03-26,2016,3,26,March
254,2016-11-04,2016,11,4,November
255,2017-06-09,2017,6,9,June
256,2017-12-05,2017,12,5,December
257,2017-03-18,2017,3,18,March
258,2016-11-19,2016,11,19,November
259,2017-11-04,2017,11,4,November
260,2014-07-05,2014,7,5,July
261,2014-06-21,2014,6,21,June
262,2015-03-28,2015,3,28,March
263,2015-05-14,2015,5,14,May
264,2017-09-02,2017,9,2,September
265,2015-04-09,2015,4,9,April
266,2014-12-02,2014,12,2,December
267,2014-04-05,2014,4,5,April
268,2014-07-01,2014,7,1,July
269,2014-01-11,2014,1,11,January
270,2014-06-02,2014,6,2,June
271,2016-02-13,2016,2,13,February
272,2016-12-15,2016,12,15,December
273,2014-10-07,2014,10,7,October
274,2016-07-07,2016,7,7,July
275,2016-12-03,2016,12,3,December
276,2017-01-21,2017,1,21,January
277,2014-01-04,2014,1,4,January
278,2016-08-27,2016,8,27,August
279,2014-05-27,2014,5,27,May
280,2017-10-02,2017,10,2,October
281,2016-04-07,2016,4,7,April
282,2014-12-29,2014,12,29,December
283,2017-07-23,2017,7,23,July
284,2015-08-31,2015,8,31,August
285,2015-02-08,2015,2,8,February
286,2014-01-13,2014,1,13,January
287,2014-05-14,2014,5,14,May
288,2016-05-19,2016,5,19,May
289,2017-01-30,2017,1,30,January
290,2014-06-29,2014,6,29,June
291,2015-08-21,2015,8,21,August
292,2015-10-03,2015,10,3,October
293,2015-05-23,2015,5,23,May
294,2017-03-17,2017,3,17,March
295,2015-12-12,2015,12,12,December
296,2017-09-21,2017,9,21,September
297,2017-02-20,2017,2,20,February
298,2016-08-18,2016,8,18,August
299,2016-03-12,2016,3,12,March
300,2017-04-22,2017,4,22,April
301,2014-11-01,2014,11,1,November
302,2015-02-03,2015,2,3,February
303,2014-10-13,2014,10,13,October
304,2017-05-14,2017,5,14,May
305,2015-03-20,2015,3,20,March
306,2016-09-15,2016,9,15,September
307,2014-06-28,2014,6,28,June
308,2017-06-20,2017,6,20,June
309,2014-05-09,2014,5,9,May
310,2016-07-23,2016,7,23,July
311,2016-03-07,2016,3,7,March
312,2015-11-20,2015,11,20,November
313,2015-10-13,2015,10,13,October
314,2017-01-01,2017,1,1,January
315,2014-02-07,2014,2,7,February
316,2016-05-28,2016,5,28,May
317,2016-02-19,2016,2,19,February
318,2017-04-10,2017,4,10,April
319,2016-01-05,2016,1,5,January
320,2014-01-10,2014,1,10,January
321,2016-09-29,2016,9,29,September
322,2014-04-06,2014,4,6,April
323,2016-09-03,2016,9,3,September
324,2015-10-19,2015,10,19,October
325,2014-12-10,2014,12,10,December
326,2017-08-25,2017,8,25,August
327,2016-01-17,2016,1,17,January
328,2014-09-17,2014,9,17,September
329,2017-11-30,2017,11,30,November
330,2015-10-09,2015,10,9,October
331,2017-12-23,2017,12,23,December
332,2016-10-22,2016,10,22,October
333,2014-04-29,2014,4,29,April
334,2015-04-25,2015,4,25,April
335,2017-06-26,2017,6,26,June
336,2017-10-14,2017,10,14,October
337,2014-12-09,2014,12,9,December
338,2016-11-10,2016,11,10,November
339,2016-10-03,2016,10,3,October
340,2014-09-09,2014,9,9,September
341,2017-10-29,2017,10,29,October
342,2016-04-10,2016,4,10,April
343,2017-11-11,2017,11,11,November
344,2017-11-27,2017,11,27,November
345,2014-06-15,2014,6,15,June
346,2016-03-05,2016,3,5,March
347,2015-04-11,2015,4,11,April
348,2015-10-05,2015,10,5,October
349,2017-04-14,2017,4,14,April
350,2015-12-13,2015,12,13,December
351,2016-06-19,2016,6,19,June
352,2015-05-29,2015,5,29,May
353,2015-07-26,2015,7,26,July
354,2017-11-28,2017,11,28,November
355,2017-04-03,2017,4,3,April
356,2017-05-15,2017,5,15,May
357,2015-09-22,2015,9,22,September
358,2014-09-22,2014,9,22,September
359,2017-04-09,2017,4,9,April
360,2014-01-16,2014,1,16,January
361,2017-10-05,2017,10,5,October
362,2017-07-09,2017,7,9,July
363,2017-01-07,2017,1,7,January
364,2015-12-09,2015,12,9,December
365,2017-09-29,2017,9,29,September
366,2015-03-10,2015,3,10,March
367,2017-05-21,2017,5,21,May
368,2015-03-29,2015,3,29,March
369,2016-09-09,2016,9,9,September
370,2016-08-26,2016,8,26,August
371,2014-05-21,2014,5,21,May
372,2015-10-28,2015,10,28,October
373,2016-11-13,2016,11,13,November
374,2015-07-31,2015,7,31,July
375,2015-08-27,2015,8,27,August
376,2015-11-06,2015,11,6,November
377,2017-12-26,2017,12,26,December
378,2017-08-01,2017,8,1,August
379,2015-12-21,2015,12,21,December
380,2015-07-06,2015,7,6,July
381,2015-04-27,2015,4,27,April
382,2015-06-16,2015,6,16,June
383,2016-01-11,2016,1,11,January
384,2014-07-11,2014,7,11,July
385,2015-06-13,2015,6,13,June
386,2017-10-12,2017,10,12,October
387,2016-03-08,2016,3,8,March
388,2015-04-04,2015,4,4,April
389,2017-12-10,2017,12,10,December
390,2016-11-24,2016,11,24,November
391,2015-03-23,2015,3,23,March
392,2015-04-16,2015,4,16,April
393,2016-10-01,2016,10,1,October
394,2017-09-28,2017,9,28,September
395,2015-07-25,2015,7,25,July
396,2016-11-12,2016,11,12,November
397,2017-09-23,2017,9,23,September
398,2016-03-01,2016,3,1,March
399,2016-08-12,2016,8,12,August
400,2017-06-04,2017,6,4,June
401,2015-12-06,2015,12,6,December
402,2014-06-25,2014,6,25,June
403,2016-06-14,2016,6,14,June
404,2017-12-18,2017,12,18,December
405,2016-07-22,2016,7,22,July
406,2015-09-04,2015,9,4,September
407,2014-01-20,2014,1,20,January
408,2016-04-12,2016,4,12,April
409,2016-12-06,2016,12,6,December
410,2016-06-05,2016,6,5,June
411,2014-09-29,2014,9,29,September
412,2015-05-08,2015,5,8,May
413,2016-12-31,2016,12,31,December
414,2014-12-20,2014,12,20,December
415,2016-07-02,2016,7,2,July
416,2014-09-01,2014,9,1,September
417,2014-05-04,2014,5,4,May
418,2014-03-10,2014,3,10,March
419,2014-04-21,2014,4,21,April
420,2015-10-22,2015,10,22,October
421,2015-08-22,2015,8,22,August
422,2014-12-27,2014,12,27,December
423,2016-04-24,2016,4,24,April
424,2017-01-14,2017,1,14,January
425,2017-02-26,2017,2,26,February
426,2015-09-15,2015,9,15,September
427,2016-07-18,2016,7,18,July
428,2017-09-09,2017,9,9,September
429,2016-12-04,2016,12,4,December
430,2014-08-11,2014,8,11,August
431,2016-02-15,2016,2,15,February
432,2014-12-12,2014,12,12,December
433,2015-07-04,2015,7,4,July
434,2017-03-10,2017,3,10,March
435,2016-12-24,2016,12,24,December
436,2017-10-23,2017,10,23,October
437,2017-07-07,2017,7,7,July
438,2016-04-21,2016,4,21,April
439,2016-05-26,2016,5,26,May
440,2016-05-02,2016,5,2,May
441,2016-11-22,2016,11,22,November
442,2015-05-25,2015,5,25,May
443,2016-12-23,2016,12,23,December
444,2015-09-19,2015,9,19,September
445,2017-07-03,2017,7,3,July
446,2016-09-24,2016,9,24,September
447,2017-02-03,2017,2,3,February
448,2017-03-03,2017,3,3,March
449,2017-10-09,2017,10,9,October
450,2014-09-28,2014,9,28,September
451,2015-06-14,2015,6,14,June
452,2016-03-30,2016,3,30,March
453,2017-10-15,2017,10,15,October
454,2016-05-23,2016,5,23,May
455,2017-06-02,2017,6,2,June
456,2014-02-16,2014,2,16,February
457,2014-05-06,2014,5,6,May
458,2016-05-16,2016,5,16,May
459,2017-04-02,2017,4,2,April
460,2017-01-02,2017,1,2,January
461,2014-03-17,2014,3,17,March
462,2014-10-03,2014,10,3,October
463,2016-03-28,2016,3,28,March
464,2017-05-04,2017,5,4,May
465,2016-05-05,2016,5,5,May
466,2017-04-26,2017,4,26,April
467,2014-09-26,2014,9,26,September
468,2017-11-10,2017,11,10,November
469,2017-03-07,2017,3,7,March
470,2014-04-01,2014,4,1,April
471,2015-09-14,2015,9,14,September
472,2014-08-04,2014,8,4,August
473,2016-02-05,2016,2,5,February
474,2016-11-01,2016,11,1,November
475,2016-04-19,2016,4,19,April
476,2016-09-02,2016,9,2,September
477,2016-09-25,2016,9,25,September
478,2016-07-09,2016,7,9,July
479,2014-06-30,2014,6,30,June
480,2017-01-28,2017,1,28,January
481,2015-09-21,2015,9,21,September
482,2016-12-26,2016,12,26,December
483,2017-04-12,2017,4,12,April
484,2017-12-19,2017,12,19,December
485,2017-08-05,2017,8,5,August
486,2015-10-01,2015,10,1,October
487,2017-06-13,2017,6,13,June
488,2014-04-23,2014,4,23,April
489,2015-05-01,2015,5,1,May
490,2015-07-19,2015,7,19,July
491,2016-11-26,2016,11,26,November
492,2017-06-12,2017,6,12,June
493,2015-08-17,2015,8,17,August
494,2015-12-01,2015,12,1,December
495,2015-05-16,2015,5,16,May
496,2015-09-24,2015,9,24,September
497,2017-07-11,2017,7,11,July
498,2017-03-19,2017,3,19,March
499,2016-12-02,2016,12,2,December
500,2016-10-14,2016,10,14,October
501,2014-11-27,2014,11,27,November
502,2015-11-03,2015,11,3,November
503,2014-11-29,2014,11,29,November
504,2017-04-30,2017,4,30,April
505,2017-10-30,2017,10,30,October
506,2014-12-17,2014,12,17,December
507,2017-09-04,2017,9,4,September
508,2016-10-17,2016,10,17,October
509,2015-08-01,2015,8,1,August
510,2017-09-12,2017,9,12,September
511,2014-02-03,2014,2,3,February
512,2017-02-11,2017,2,11,February
513,2017-04-16,2017,4,16,April
514,2015-03-26,2015,3,26,March
515,2017-08-31,2017,8,31,August
516,2017-02-10,2017,2,10,February
517,2016-10-29,2016,10,29,October
518,2014-03-11,2014,3,11,March
519,2014-02-04,2014,2,4,February
520,2014-12-31,2014,12,31,December
521,2015-11-23,2015,11,23,November
522,2014-07-06,2014,7,6,July
523,2014-05-03,2014,5,3,May
524,2017-10-16,2017,10,16,October
525,2015-02-06,2015,2,6,February
526,2016-04-09,2016,4,9,April
527,2014-04-04,2014,4,4,April
528,2017-09-05,2017,9,5,September
529,2015-11-09,2015,11,9,November
530,2014-03-04,2014,3,4,March
531,2015-03-19,2015,3,19,March
532,2017-06-11,2017,6,11,June
533,2014-11-23,2014,11,23,November
534,2014-12-15,2014,12,15,December
535,2016-02-27,2016,2,27,February
536,2016-05-12,2016,5,12,May
537,2015-06-23,2015,6,23,June
538,2014-10-19,2014,10,19,October
539,2015-03-24,2015,3,24,March
540,2017-05-08,2017,5,8,May
541,2016-05-08,2016,5,8,May
542,2014-05-26,2014,5,26,May
543,2016-03-15,2016,3,15,March
544,2015-08-10,2015,8,10,August
545,2016-09-10,2016,9,10,September
546,2015-12-19,2015,12,19,December
547,2015-11-16,2015,11,16,November
548,2017-06-21,2017,6,21,June
549,2015-11-01,2015,11,1,November
550,2014-08-29,2014,8,29,August
551,2017-11-18,2017,11,18,November
552,2014-05-12,2014,5,12,May
553,2015-01-10,2015,1,10,January
554,2016-03-22,2016,3,22,March
555,2015-12-11,2015,12,11,December
556,2016-05-18,2016,5,18,May
557,2014-09-07,2014,9,7,September
558,2017-04-24,2017,4,24,April
559,2014-08-16,2014,8,16,August
560,2016-03-14,2016,3,14,March
561,2014-06-03,2014,6,3,June
562,2015-07-13,2015,7,13,July
563,2014-02-02,2014,2,2,February
564,2015-01-30,2015,1,30,January
565,2017-09-08,2017,9,8,September
566,2017-10-07,2017,10,7,October
567,2016-04-30,2016,4,30,April
568,2017-04-29,2017,4,29,April
569,2016-02-07,2016,2,7,February
570,2017-07-29,2017,7,29,July
571,2014-06-06,2014,6,6,June
572,2016-08-13,2016,8,13,August
573,2014-04-25,2014,4,25,April
574,2017-12-02,2017,12,2,December
575,2015-12-08,2015,12,8,December
576,2014-01-05,2014,1,5,January
577,2015-09-05,2015,9,5,September
578,2016-08-04,2016,8,4,August
579,2014-03-22,2014,3,22,March
580,2017-03-02,2017,3,2,March
581,2016-11-27,2016,11,27,November
582,2014-04-28,2014,4,28,April
583,2016-11-11,2016,11,11,November
584,2015-07-09,2015,7,9,July
585,2017-09-22,2017,9,22,September
586,2015-02-15,2015,2,15,February
587,2014-09-30,2014,9,30,September
588,2014-12-01,2014,12,1,December
589,2014-12-08,2014,12,8,December
590,2016-08-08,2016,8,8,August
591,2016-12-25,2016,12,25,December
592,2016-02-11,2016,2,11,February
593,2015-06-04,2015,6,4,June
594,2014-05-25,2014,5,25,May
595,2016-02-16,2016,2,16,February
596,2016-12-22,2016,12,22,December
597,2016-02-08,2016,2,8,February
598,2014-05-18,2014,5,18,May
599,2015-11-05,2015,11,5,November
600,2017-02-19,2017,2,19,February
601,2014-08-01,2014,8,1,August
602,2017-01-12,2017,1,12,January
603,2015-07-20,2015,7,20,July
604,2014-06-13,2014,6,13,June
605,2017-05-12,2017,5,12,May
606,2017-03-26,2017,3,26,March
607,2014-11-12,2014,11,12,November
608,2015-06-25,2015,6,25,June
609,2014-07-21,2014,7,21,July
610,2017-11-21,2017,11,21,November
611,2014-06-04,2014,6,4,June
612,2016-03-10,2016,3,10,March
613,2017-03-25,2017,3,25,March
614,2017-12-29,2017,12,29,December
615,2017-03-28,2017,3,28,March
616,2015-03-05,2015,3,5,March
617,2017-01-19,2017,1,19,January
618,2014-10-21,2014,10,21,October
619,2014-03-14,2014,3,14,March
620,2015-12-31,2015,12,31,December
621,2017-10-03,2017,10,3,October
622,2016-06-29,2016,6,29,June
623,2016-08-20,2016,8,20,August
624,2016-05-17,2016,5,17,May
625,2016-11-15,2016,11,15,November
626,2014-01-15,2014,1,15,January
627,2015-11-08,2015,11,8,November
628,2015-10-30,2015,10,30,October
629,2017-08-17,2017,8,17,August
630,2016-07-08,2016,7,8,July
631,2017-03-09,2017,3,9,March
632,2016-06-09,2016,6,9,June
633,2017-03-16,2017,3,16,March
634,2017-08-06,2017,8,6,August
635,2017-08-29,2017,8,29,August
636,2017-05-06,2017,5,6,May
637,2014-12-14,2014,12,14,December
638,2014-10-18,2014,10,18,October
639,2015-12-14,2015,12,14,December
640,2014-12-03,2014,12,3,December
641,2014-11-25,2014,11,25,November
642,2017-02-24,2017,2,24,February
643,2017-06-25,2017,6,25,June
644,2014-02-06,2014,2,6,February
645,2017-04-11,2017,4,11,April
646,2017-08-03,2017,8,3,August
647,2014-11-15,2014,11,15,November
648,2017-08-20,2017,8,20,August
649,2015-03-13,2015,3,13,March
650,2015-11-26,2015,11,26,November
651,2015-01-23,2015,1,23,January
652,2015-06-18,2015,6,18,June
653,2015-10-02,2015,10,2,October
654,2014-08-17,2014,8,17,August
655,2015-07-11,2015,7,11,July
656,2014-10-31,2014,10,31,October
657,2015-04-13,2015,4,13,April
658,2016-07-21,2016,7,21,July
659,2017-11-07,2017,11,7,November
660,2017-02-23,2017,2,23,February
661,2016-06-23,2016,6,23,June
662,2015-10-26,2015,10,26,October
663,2017-07-15,2017,7,15,July
664,2014-11-17,2014,11,17,November
665,2015-11-25,2015,11,25,November
666,2016-05-15,2016,5,15,May
667,2014-07-18,2014,7,18,July
668,2017-03-24,2017,3,24,March
669,2017-04-13,2017,4,13,April
670,2014-06-23,2014,6,23,June
671,2014-05-20,2014,5,20,May
672,2015-11-30,2015,11,30,November
673,2017-11-16,2017,11,16,November
674,2016-06-25,2016,6,25,June
675,2016-05-14,2016,5,14,May
676,2016-01-07,2016,1,7,January
677,2017-03-13,2017,3,13,March
678,2017-01-27,2017,1,27,January
679,2016-07-30,2016,7,30,July
680,2016-10-15,2016,10,15,October
681,2016-05-07,2016,5,7,May
682,2017-08-10,2017,8,10,August
683,2014-11-28,2014,11,28,November
684,2015-09-06,2015,9,6,September
685,2015-06-29,2015,6,29,June
686,2014-07-14,2014,7,14,July
687,2014-11-14,2014,11,14,November
688,2017-07-28,2017,7,28,July
689,2017-07-31,2017,7,31,July
690,2016-03-19,2016,3,19,March
691,2014-03-31,2014,3,31,March
692,2016-07-15,2016,7,15,July
693,2017-04-20,2017,4,20,April
694,2015-09-28,2015,9,28,September
695,2017-02-06,2017,2,6,February
696,2016-11-14,2016,11,14,November
697,2017-09-17,2017,9,17,September
698,2017-12-20,2017,12,20,December
699,2015-03-06,2015,3,6,March
700,2014-06-27,2014,6,27,June
701,2017-11-17,2017,11,17,November
702,2017-06-01,2017,6,1,June
703,2017-01-08,2017,1,8,January
704,2015-04-20,2015,4,20,April
705,2015-08-06,2015,8,6,August
706,2015-12-23,2015,12,23,December
707,2015-12-25,2015,12,25,December
708,2017-03-21,2017,3,21,March
709,2014-08-23,2014,8,23,August
710,2014-08-19,2014,8,19,August
711,2014-07-26,2014,7,26,July
712,2016-02-22,2016,2,22,February
713,2016-09-23,2016,9,23,September
714,2017-01-24,2017,1,24,January
715,2016-05-06,2016,5,6,May
716,2016-03-17,2016,3,17,March
717,2015-11-14,2015,11,14,November
718,2017-08-14,2017,8,14,August
719,2017-04-01,2017,4,1,April
720,2016-09-27,2016,9,27,September
721,2017-03-23,2017,3,23,March
722,2015-06-07,2015,6,7,June
723,2016-12-29,2016,12,29,December
724,2016-04-18,2016,4,18,April
725,2016-06-11,2016,6,11,June
726,2017-05-13,2017,5,13,May
727,2014-03-25,2014,3,25,March
728,2014-11-18,2014,11,18,November
729,2017-07-17,2017,7,17,July
730,2016-05-22,2016,5,22,May
731,2016-10-31,2016,10,31,October
732,2016-11-05,2016,11,5,November
733,2017-08-15,2017,8,15,August
734,2017-12-03,2017,12,3,December
735,2017-08-28,2017,8,28,August
736,2014-12-13,2014,12,13,December
737,2014-06-16,2014,6,16,June
738,2017-06-22,2017,6,22,June
739,2014-07-25,2014,7,25,July
740,2015-07-02,2015,7,2,July
741,2016-11-18,2016,11,18,November
742,2014-09-05,2014,9,5,September
743,2017-05-02,2017,5,2,May
744,2015-04-06,2015,4,6,April
745,2014-10-24,2014,10,24,October
746,2015-01-27,2015,1,27,January
747,2015-07-16,2015,7,16,July
748,2015-08-16,2015,8,16,August
749,2016-09-14,2016,9,14,September
750,2016-10-08,2016,10,8,October
751,2015-03-17,2015,3,17,March
752,2017-11-01,2017,11,1,November
753,2017-12-27,2017,12,27,December
754,2014-11-22,2014,11,22,November
755,2014-01-26,2014,1,26,January
756,2017-04-23,2017,4,23,April
757,2014-12-16,2014,12,16,December
758,2016-03-04,2016,3,4,March
759,2014-04-26,2014,4,26,April
760,2017-10-22,2017,10,22,October
761,2015-07-05,2015,7,5,July
762,2015-08-15,2015,8,15,August
763,2015-02-20,2015,2,20,February
764,2016-04-17,2016,4,17,April
765,2016-08-16,2016,8,16,August
766,2016-05-01,2016,5,1,May
767,2015-08-25,2015,8,25,August
768,2015-11-12,2015,11,12,November
769,2017-12-04,2017,12,4,December
770,2016-08-28,2016,8,28,August
771,2014-10-15,2014,10,15,October
772,2014-03-18,2014,3,18,March
773,2014-05-24,2014,5,24,May
774,2014-12-04,2014,12,4,December
775,2017-08-26,2017,8,26,August
776,2014-12-06,2014,12,6,December
777,2014-10-04,2014,10,4,October
778,2017-02-13,2017,2,13,February
779,2014-07-02,2014,7,2,July
780,2015-02-21,2015,2,21,February
781,2016-02-25,2016,2,25,February
782,2015-06-20,2015,6,20,June
783,2017-08-07,2017,8,7,August
784,2015-12-04,2015,12,4,December
785,2014-06-08,2014,6,8,June
786,2015-04-17,2015,4,17,April
787,2017-01-15,2017,1,15,January
788,2015-04-02,2015,4,2,April
789,2015-07-17,2015,7,17,July
790,2016-10-09,2016,10,9,October
791,2014-04-12,2014,4,12,April
792,2016-10-25,2016,10,25,October
793,2015-05-12,2015,5,12,May
794,2014-09-25,2014,9,25,September
795,2017-01-26,2017,1,26,January
796,2017-05-18,2017,5,18,May
797,2016-12-27,2016,12,27,December
798,2017-04-08,2017,4,8,April
799,2016-06-02,2016,6,2,June
800,2017-07-25,2017,7,25,July
801,2017-08-12,2017,8,12,August
802,2017-08-13,2017,8,13,August
803,2016-01-21,2016,1,21,January
804,2016-01-15,2016,1,15,January
805,2014-02-21,2014,2,21,February
806,2016-01-30,2016,1,30,January
807,2016-10-18,2016,10,18,October
808,2017-11-02,2017,11,2,November
809,2014-03-30,2014,3,30,March
810,2016-01-04,2016,1,4,January
811,2015-09-12,2015,9,12,September
812,2016-06-27,2016,6,27,June
813,2016-11-23,2016,11,23,November
814,2014-09-02,2014,9,2,September
815,2017-07-10,2017,7,10,July
816,2015-08-08,2015,8,8,August
817,2017-12-14,2017,12,14,December
818,2017-06-27,2017,6,27,June
819,2017-12-16,2017,12,16,December
820,2015-05-07,2015,5,7,May
821,2015-06-12,2015,6,12,June
822,2016-05-25,2016,5,25,May
823,2016-02-21,2016,2,21,February
824,2016-10-02,2016,10,2,October
825,2017-03-11,2017,3,11,March
826,2014-05-17,2014,5,17,May
827,2017-04-17,2017,4,17,April
828,2016-08-23,2016,8,23,August
829,2014-08-24,2014,8,24,August
830,2016-03-24,2016,3,24,March
831,2016-11-21,2016,11,21,November
832,2015-06-11,2015,6,11,June
833,2017-10-06,2017,10,6,October
834,2015-08-28,2015,8,28,August
835,2016-01-03,2016,1,3,January
836,2014-07-20,2014,7,20,July
837,2017-05-27,2017,5,27,May
838,2014-01-28,2014,1,28,January
839,2017-02-09,2017,2,9,February
840,2016-03-03,2016,3,3,March
841,2015-08-23,2015,8,23,August
842,2017-04-27,2017,4,27,April
843,2016-06-07,2016,6,7,June
844,2016-03-21,2016,3,21,March
845,2014-11-07,2014,11,7,November
846,2017-03-12,2017,3,12,March
847,2017-07-22,2017,7,22,July
848,2015-07-10,2015,7,10,July
849,2014-11-10,2014,11,10,November
850,2016-01-09,2016,1,9,January
851,2014-12-23,2014,12,23,December
852,2014-10-02,2014,10,2,October
853,2017-09-01,2017,9,1,September
854,2016-02-01,2016,2,1,February
855,2017-10-27,2017,10,27,October
856,2014-10-11,2014,10,11,October
857,2014-05-22,2014,5,22,May
858,2014-07-15,2014,7,15,July
859,2016-10-30,2016,10,30,October
860,2014-08-15,2014,8,15,August
861,2015-09-11,2015,9,11,September
862,2015-07-23,2015,7,23,July
863,2015-08-13,2015,8,13,August
864,2016-08-17,2016,8,17,August
865,2014-09-23,2014,9,23,September
866,2014-07-19,2014,7,19,July
867,2014-01-31,2014,1,31,January
868,2014-07-09,2014,7,9,July
869,2016-03-25,2016,3,25,March
870,2017-07-01,2017,7,1,July
871,2014-11-21,2014,11,21,November
872,2015-10-17,2015,10,17,October
873,2016-09-20,2016,9,20,September
874,2015-09-27,2015,9,27,September
875,2016-07-29,2016,7,29,July
876,2016-08-06,2016,8,6,August
877,2016-10-07,2016,10,7,October
878,2014-03-16,2014,3,16,March
879,2015-03-01,2015,3,1,March
880,2016-02-20,2016,2,20,February
881,2016-11-25,2016,11,25,November
882,2016-12-14,2016,12,14,December
883,2014-08-31,2014,8,31,August
884,2014-04-07,2014,4,7,April
885,2016-11-30,2016,11,30,November
886,2014-06-20,2014,6,20,June
887,2016-12-20,2016,12,20,December
888,2016-08-09,2016,8,9,August
889,2015-04-10,2015,4,10,April
890,2016-06-24,2016,6,24,June
891,2014-04-18,2014,4,18,April
892,2016-03-29,2016,3,29,March
893,2014-03-23,2014,3,23,March
894,2016-07-03,2016,7,3,July
895,2015-12-10,2015,12,10,December
896,2016-11-29,2016,11,29,November
897,2016-09-22,2016,9,22,September
898,2017-05-03,2017,5,3,May
899,2015-03-12,2015,3,12,March
900,2016-06-13,2016,6,13,June
901,2015-12-05,2015,12,5,December
902,2015-11-19,2015,11,19,November
903,2017-11-22,2017,11,22,November
904,2017-03-06,2017,3,6,March
905,2016-02-29,2016,2,29,February
906,2017-02-25,2017,2,25,February
907,2016-12-17,2016,12,17,December
908,2014-08-06,2014,8,6,August
909,2014-04-11,2014,4,11,April
910,2015-05-03,2015,5,3,May
911,2017-02-16,2017,2,16,February
912,2014-11-16,2014,11,16,November
913,2016-09-04,2016,9,4,September
914,2015-02-27,2015,2,27,February
915,2014-01-27,2014,1,27,January
916,2017-03-05,2017,3,5,March
917,2017-05-07,2017,5,7,May
918,2014-04-08,2014,4,8,April
919,2014-10-28,2014,10,28,October
920,2017-11-25,2017,11,25,November
921,2017-06-06,2017,6,6,June
922,2017-02-17,2017,2,17,February
923,2014-07-27,2014,7,27,July
924,2015-10-23,2015,10,23,October
925,2015-06-15,2015,6,15,June
926,2017-01-29,2017,1,29,January
927,2017-05-01,2017,5,1,May
928,2015-01-03,2015,1,3,January
929,2017-06-05,2017,6,5,June
930,2017-07-18,2017,7,18,July
931,2016-06-28,2016,6,28,June
932,2015-06-01,2015,6,1,June
933,2015-02-22,2015,2,22,February
934,2017-12-15,2017,12,15,December
935,2014-11-03,2014,11,3,November
936,2015-03-08,2015,3,8,March
937,2015-12-22,2015,12,22,December
938,2017-08-11,2017,8,11,August
939,2016-12-12,2016,12,12,December
940,2017-11-15,2017,11,15,November
941,2017-05-16,2017,5,16,May
942,2015-05-02,2015,5,2,May
943,2017-05-11,2017,5,11,May
944,2017-07-27,2017,7,27,July
945,2016-12-30,2016,12,30,December
946,2014-05-19,2014,5,19,May
947,2016-04-16,2016,4,16,April
948,2015-03-14,2015,3,14,March
949,2016-07-01,2016,7,1,July
950,2016-06-16,2016,6,16,June
951,2015-07-08,2015,7,8,July
952,2014-05-05,2014,5,5,May
953,2014-11-30,2014,11,30,November
954,2015-02-18,2015,2,18,February
955,2016-09-30,2016,9,30,September
956,2015-01-05,2015,1,5,January
957,2017-07-05,2017,7,5,July
958,2016-04-04,2016,4,4,April
959,2014-03-26,2014,3,26,March
960,2017-10-28,2017,10,28,October
961,2015-05-17,2015,5,17,May
962,2017-08-23,2017,8,23,August
963,2014-08-22,2014,8,22,August
964,2016-10-04,2016,10,4,October
965,2014-10-26,2014,10,26,October
966,2015-02-14,2015,2,14,February
967,2016-01-25,2016,1,25,January
968,2017-05-20,2017,5,20,May
969,2015-10-25,2015,10,25,October
970,2014-07-07,2014,7,7,July
971,2017-08-19,2017,8,19,August
972,2015-11-17,2015,11,17,November
973,2016-05-03,2016,5,3,May
974,2015-06-19,2015,6,19,June
975,2016-07-04,2016,7,4,July
976,2015-08-07,2015,8,7,August
977,2014-03-24,2014,3,24,March
978,2017-06-18,2017,6,18,June
979,2017-05-23,2017,5,23,May
980,2014-02-20,2014,2,20,February
981,2014-11-02,2014,11,2,November
982,2014-10-10,2014,10,10,October
983,2017-03-30,2017,3,30,March
984,2015-07-12,2015,7,12,July
985,2014-07-13,2014,7,13,July
986,2017-09-26,2017,9,26,September
987,2014-04-19,2014,4,19,April
988,2015-06-09,2015,6,9,June
989,2015-05-26,2015,5,26,May
990,2016-01-24,2016,1,24,January
991,2015-08-02,2015,8,2,August
992,2014-05-30,2014,5,30,May
993,2016-04-26,2016,4,26,April
994,2016-01-10,2016,1,10,January
995,2016-07-31,2016,7,31,July
996,2017-03-27,2017,3,27,March
997,2015-12-17,2015,12,17,December
998,2015-10-10,2015,10,10,October
999,2015-04-24,2015,4,24,April
1000,2015-03-09,2015,3,9,March
1001,2014-07-08,2014,7,8,July
1002,2017-07-13,2017,7,13,July
1003,2015-04-07,2015,4,7,April
1004,2015-01-13,2015,1,13,January
1005,2014-10-14,2014,10,14,October
1006,2016-01-02,2016,1,2,January
1007,2015-03-15,2015,3,15,March
1008,2017-01-06,2017,1,6,January
1009,2014-03-07,2014,3,7,March
1010,2014-09-03,2014,9,3,September
1011,2016-01-31,2016,1,31,January
1012,2016-05-24,2016,5,24,May
1013,2014-04-30,2014,4,30,April
1014,2015-09-08,2015,9,8,September
1015,2016-04-03,2016,4,3,April
1016,2017-04-25,2017,4,25,April
1017,2014-04-20,2014,4,20,April
1018,2017-08-04,2017,8,4,August
1019,2016-11-17,2016,11,17,November
1020,2015-06-21,2015,6,21,June
1021,2014-07-30,2014,7,30,July
1022,2016-05-27,2016,5,27,May
1023,2015-09-13,2015,9,13,September
1024,2017-05-05,2017,5,5,May
1025,2014-05-10,2014,5,10,May
1026,2015-01-12,2015,1,12,January
1027,2014-06-14,2014,6,14,June
1028,2016-06-21,2016,6,21,June
1029,2017-08-22,2017,8,22,August
1030,2016-08-02,2016,8,2,August
1031,2015-05-21,2015,5,21,May
1032,2017-01-03,2017,1,3,January
1033,2017-09-30,2017,9,30,September
1034,2017-01-16,2017,1,16,January
1035,2014-12-07,2014,12,7,December
1036,2016-08-21,2016,8,21,August
1037,2014-01-06,2014,1,6,January
1038,2015-01-04,2015,1,4,January
1039,2014-01-18,2014,1,18,January
1040,2015-10-24,2015,10,24,October
1041,2016-08-14,2016,8,14,August
1042,2017-02-18,2017,2,18,February
1043,2017-08-24,2017,8,24,August
1044,2016-03-31,2016,3,31,March
1045,2017-04-28,2017,4,28,April
1046,2014-01-19,2014,1,19,January
1047,2014-02-14,2014,2,14,February
1048,2017-10-08,2017,10,8,October
1049,2015-10-08,2015,10,8,October
1050,2014-02-24,2014,2,24,February
1051,2015-05-30,2015,5,30,May
1052,2015-03-31,2015,3,31,March
1053,2017-05-22,2017,5,22,May
1054,2016-12-19,2016,12,19,December
1055,2017-10-04,2017,10,4,October
1056,2016-02-02,2016,2,2,February
1057,2016-10-24,2016,10,24,October
1058,2014-02-11,2014,2,11,February
1059,2014-12-21,2014,12,21,December
1060,2015-05-15,2015,5,15,May
1061,2014-05-28,2014,5,28,May
1062,2016-07-28,2016,7,28,July
1063,2014-04-02,2014,4,2,April
1064,2014-07-28,2014,7,28,July
1065,2017-03-29,2017,3,29,March
1066,2016-02-03,2016,2,3,February
1067,2015-08-11,2015,8,11,August
1068,2014-11-08,2014,11,8,November
1069,2015-02-25,2015,2,25,February
1070,2016-08-31,2016,8,31,August
1071,2014-08-20,2014,8,20,August
1072,2016-02-06,2016,2,6,February
1073,2014-05-02,2014,5,2,May
1074,2015-07-18,2015,7,18,July
1075,2015-03-27,2015,3,27,March
1076,2014-09-10,2014,9,10,September
1077,2015-08-05,2015,8,5,August
1078,2015-04-29,2015,4,29,April
1079,2014-10-16,2014,10,16,October
1080,2016-07-19,2016,7,19,July
1081,2015-12-30,2015,12,30,December
1082,2014-10-05,2014,10,5,October
1083,2015-04-19,2015,4,19,April
1084,2016-02-04,2016,2,4,February
1085,2016-06-15,2016,6,15,June
1086,2014-03-02,2014,3,2,March
1087,2014-02-18,2014,2,18,February
1088,2017-09-20,2017,9,20,September
1089,2014-10-25,2014,10,25,October
1090,2015-10-18,2015,10,18,October
1091,2014-12-22,2014,12,22,December
1092,2016-08-03,2016,8,3,August
1093,2014-03-19,2014,3,19,March
1094,2014-08-02,2014,8,2,August
1095,2017-04-04,2017,4,4,April
1096,2017-12-13,2017,12,13,December
1097,2015-07-27,2015,7,27,July
1098,2016-02-23,2016,2,23,February
1099,2016-10-06,2016,10,6,October
1100,2015-04-22,2015,4,22,April
1101,2014-09-16,2014,9,16,September
1102,2014-09-11,2014,9,11,September
1103,2014-06-17,2014,6,17,June
1104,2015-10-29,2015,10,29,October
1105,2015-03-07,2015,3,7,March
1106,2014-01-30,2014,1,30,January
1107,2015-02-07,2015,2,7,February
1108,2017-10-31,2017,10,31,October
1109,2017-05-30,2017,5,30,May
1110,2015-03-30,2015,3,30,March
1111,2015-08-29,2015,8,29,August
1112,2014-01-14,2014,1,14,January
1113,2015-03-21,2015,3,21,March
1114,2014-09-15,2014,9,15,September
1115,2015-07-24,2015,7,24,July
1116,2014-02-23,2014,2,23,February
1117,2015-06-05,2015,6,5,June
1118,2014-05-07,2014,5,7,May
1119,2017-02-05,2017,2,5,February
1120,2016-05-10,2016,5,10,May
1121,2016-08-07,2016,8,7,August
1122,2015-04-21,2015,4,21,April
1123,2017-01-13,2017,1,13,January
1124,2014-09-06,2014,9,6,September
1125,2015-01-19,2015,1,19,January
1126,2017-05-25,2017,5,25,May
1127,2014-11-05,2014,11,5,November
1128,2015-05-20,2015,5,20,May
1129,2014-07-04,2014,7,4,July
1130,2015-02-16,2015,2,16,February
1131,2016-07-24,2016,7,24,July
1132,2014-08-12,2014,8,12,August
1133,2016-06-18,2016,6,18,June
1134,2016-01-08,2016,1,8,January
1135,2015-12-16,2015,12,16,December
1136,2014-10-17,2014,10,17,October
1137,2015-05-24,2015,5,24,May
1138,2017-07-24,2017,7,24,July
1139,2017-12-06,2017,12,6,December
1140,2015-10-16,2015,10,16,October
1141,2015-06-28,2015,6,28,June
1142,2016-09-16,2016,9,16,September
1143,2017-05-26,2017,5,26,May
1144,2017-02-04,2017,2,4,February
1145,2015-01-09,2015,1,9,January
1146,2016-08-19,2016,8,19,August
1147,2016-08-01,2016,8,1,August
1148,2014-10-09,2014,10,9,October
1149,2015-05-13,2015,5,13,May
1150,2014-04-22,2014,4,22,April
1151,2016-02-12,2016,2,12,February
1152,2017-01-09,2017,1,9,January
1153,2017-08-16,2017,8,16,August
1154,2016-01-14,2016,1,14,January
1155,2016-10-10,2016,10,10,October
1156,2016-01-23,2016,1,23,January
1157,2015-02-10,2015,2,10,February
1158,2014-03-29,2014,3,29,March
1159,2016-10-16,2016,10,16,October
1160,2016-09-13,2016,9,13,September
1161,2017-11-29,2017,11,29,November
1162,2014-02-15,2014,2,15,February
1163,2017-07-14,2017,7,14,July
1164,2014-11-20,2014,11,20,November
1165,2014-02-22,2014,2,22,February
1166,2014-04-15,2014,4,15,April
1167,2014-01-07,2014,1,7,January
1168,2017-09-13,2017,9,13,September
1169,2014-10-08,2014,10,8,October
1170,2017-07-02,2017,7,2,July
1171,2015-01-06,2015,1,6,January
1172,2016-04-13,2016,4,13,April
1173,2016-02-14,2016,2,14,February
1174,2014-05-16,2014,5,16,May
1175,2015-01-24,2015,1,24,January
1176,2014-03-28,2014,3,28,March
1177,2015-07-14,2015,7,14,July
1178,2014-05-31,2014,5,31,May
1179,2014-01-03,2014,1,3,January
1180,2016-07-20,2016,7,20,July
1181,2015-09-20,2015,9,20,September
1182,2015-10-20,2015,10,20,October
1183,2017-11-08,2017,11,8,November
1184,2015-05-22,2015,5,22,May
1185,2016-03-09,2016,3,9,March
1186,2016-06-30,2016,6,30,June
1187,2015-05-10,2015,5,10,May
1188,2017-05-09,2017,5,9,May
1189,2017-07-26,2017,7,26,July
1190,2016-08-11,2016,8,11,August
1191,2017-04-06,2017,4,6,April
1192,2017-03-14,2017,3,14,March
1193,2016-03-06,2016,3,6,March
1194,2014-08-30,2014,8,30,August
1195,2014-03-05,2014,3,5,March
1196,2016-03-27,2016,3,27,March
1197,2016-04-02,2016,4,2,April
1198,2016-01-28,2016,1,28,January
1199,2016-11-09,2016,11,9,November
1200,2017-10-24,2017,10,24,October
1201,2014-10-01,2014,10,1,October
1202,2015-02-23,2015,2,23,February
1203,2016-04-06,2016,4,6,April
1204,2014-05-08,2014,5,8,May
1205,2016-02-09,2016,2,9,February
1206,2016-05-31,2016,5,31,May
1207,2015-01-26,2015,1,26,January
1208,2017-10-10,2017,10,10,October
1209,2017-07-12,2017,7,12,July
1210,2015-05-18,2015,5,18,May
1211,2016-02-28,2016,2,28,February
1212,2014-01-23,2014,1,23,January
1213,2015-06-08,2015,6,8,June
1214,2014-02-08,2014,2,8,February
1215,2015-11-11,2015,11,11,November
1216,2017-02-21,2017,2,21,February
1217,2015-09-16,2015,9,16,September
1218,2014-06-24,2014,6,24,June
1219,2014-10-27,2014,10,27,October
1220,2014-02-27,2014,2,27,February
1221,2016-08-05,2016,8,5,August
1222,2014-02-17,2014,2,17,February
1223,2015-05-11,2015,5,11,May
1224,2015-04-14,2015,4,14,April
1225,2015-01-28,2015,1,28,January
1226,2014-06-10,2014,6,10,June
1227,2016-10-11,2016,10,11,October
1228,2014-06-18,2014,6,18,June
1229,2017-02-28,2017,2,28,February
1230,2015-05-09,2015,5,9,May
1231,2014-11-06,2014,11,6,November
1232,2015-12-29,2015,12,29,December
1233,2014-04-03,2014,4,3,April
1234,2016-06-03,2016,6,3,June
1235,2015-04-12,2015,4,12,April
1236,2014-01-21,2014,1,21,January
